country,year,population,yoy_growth_pct
Aland,2018,29000,
Aland,2019,29500,1.724137931034475
Aland,2020,30000,1.6949152542372836
Borland,2018,510000,
Borland,2019,515000,0.9803921568627416
Borland,2020,520000,0.9708737864077666
